time,Wiener,Volterra
0,0.0343131,0
0.001,0.067611,0.00108507
0.002,0.0414913,0.0025875
0.003,0.0119936,0.00254256
0.004,0.00361334,0.00189305
0.005,-0.00541918,0.00151743
0.006,-0.0501569,0.00108438
0.007,-0.050034,-0.000540138
0.008,-0.0873165,-0.00127566
0.009,-0.0326645,-0.00302444
0.01,-0.0183268,-0.00226358
0.011,-0.0384383,-0.0018887
0.012,-0.0304602,-0.00248051
0.013,0.00483461,-0.00250734
0.014,-0.00209153,-0.00152985
0.015,-0.0153948,-0.00143016
0.016,-0.00801625,-0.00172911
0.017,-0.0272937,-0.0015798
0.018,-0.0372051,-0.00215721
0.019,-0.0652767,-0.00270696
0.02,-0.0916004,-0.00391076
0.021,-0.0968589,-0.0053721
0.022,-0.071978,-0.00639556
0.023,-0.0941668,-0.00638954
0.024,-0.0632214,-0.00744497
0.025,-0.112593,-0.0071198
0.026,-0.0616549,-0.00885176
0.027,-0.0247629,-0.00810457
0.028,-0.010292,-0.00699724
0.029,-0.0258981,-0.00619614
0.03,-0.0289559,-0.00629855
0.031,-0.0602968,-0.00632391
0.032,-0.0351169,-0.00730206
0.033,-0.0128444,-0.00691272
0.034,0.00229132,-0.0062001
0.035,-0.0119138,-0.00545729
0.036,-0.00487988,-0.00552704
0.037,-0.0227026,-0.00520102
0.038,-0.0195356,-0.0055775
0.039,0.0101051,-0.00555777
0.04,0.0482102,-0.00462756
0.041,0.0207857,-0.00303973
0.042,0.0232809,-0.00311556
0.043,-0.0598082,-0.00276851
0.044,-0.128371,-0.00510311
0.045,-0.226527,-0.00809228
0.046,-0.23212,-0.0126834
0.047,-0.206539,-0.0153108
0.048,-0.169197,-0.0165496
0.049,-0.133405,-0.0167938
0.05,-0.130832,-0.0164851
0.051,-0.150456,-0.0167733
0.052,-0.144382,-0.0178162
0.053,-0.137498,-0.0183379
0.054,-0.153694,-0.0187045
0.055,-0.118816,-0.0196981
0.056,-0.130004,-0.0192946
0.057,-0.133864,-0.0198373
0.058,-0.117023,-0.020368
0.059,-0.123878,-0.0202905
0.06,-0.108942,-0.0207268
0.061,-0.0835188,-0.0206048
0.062,-0.0676402,-0.0199524
0.063,-0.0653564,-0.0193124
0.064,-0.0551783,-0.0189929
0.065,-0.0740537,-0.0184944
0.066,-0.0536584,-0.0188462
0.067,-0.0672674,-0.0182768
0.068,-0.00364167,-0.0185042
0.069,0.00545938,-0.0165328
0.07,-0.0204953,-0.0154487
0.071,-0.0268246,-0.0155529
0.072,0.0109532,-0.0155109
0.073,0.0519632,-0.0141627
0.074,0.0373464,-0.0122174
0.075,0.0488292,-0.0116189
0.076,0.0654001,-0.0105827
0.077,0.0203195,-0.00930482
0.078,0.0172221,-0.00985032
0.079,0.0319132,-0.00977204
0.08,0.0207312,-0.00910886
0.081,-0.0248965,-0.00904662
0.082,-0.0214045,-0.010259
0.083,-0.052388,-0.0105062
0.084,-0.0614659,-0.0116605
0.085,-0.0772843,-0.0124718
0.086,-0.0420042,-0.0134867
0.087,-0.0584032,-0.0129941
0.088,-0.0858052,-0.0135645
0.089,-0.0736374,-0.0147379
0.09,-0.131594,-0.0149773
0.091,-0.112559,-0.0171656
0.092,-0.158379,-0.017653
0.093,-0.139316,-0.0197419
0.094,-0.203149,-0.020326
0.095,-0.22589,-0.0230973
0.096,-0.188991,-0.0253548
0.097,-0.161018,-0.0257838
0.098,-0.129706,-0.0258033
0.099,-0.0764004,-0.0253305
0.1,-0.0632859,-0.0237993
0.101,-0.0897286,-0.0229427
0.102,-0.0474446,-0.0233709
0.103,-0.0234255,-0.0221172
0.104,-0.0424179,-0.0208911
0.105,-0.063339,-0.0208536
0.106,-0.033076,-0.0212784
0.107,0.00439192,-0.0203915
0.108,-0.00471198,-0.0188489
0.109,0.0170096,-0.0183746
0.11,-0.0188797,-0.0172078
0.111,-0.067542,-0.0176435
0.112,-0.0735525,-0.0190685
0.113,-0.114594,-0.0197451
0.114,-0.135764,-0.0214557
0.115,-0.0946442,-0.0229849
0.116,-0.111761,-0.0226453
0.117,-0.162831,-0.0234464
0.118,-0.152633,-0.0255732
0.119,-0.134275,-0.0263767
0.12,-0.140868,-0.0265975
0.121,-0.1238,-0.0272904
0.122,-0.0984407,-0.0273208
0.123,-0.0977219,-0.0268303
0.124,-0.0624319,-0.0268117
0.125,-0.106093,-0.025772
0.126,-0.0903465,-0.0268067
0.127,-0.0777415,-0.0266644
0.128,-0.0475649,-0.026351
0.129,-0.0476672,-0.0253399
0.13,-0.0438141,-0.0249409
0.131,-0.0178967,-0.0245373
0.132,-0.0196918,-0.0234504
0.133,-0.0201835,-0.022955
0.134,0.000301578,-0.0225577
0.135,0.0174378,-0.0215664
0.136,0.0826639,-0.0204558
0.137,0.0611496,-0.0176956
0.138,0.0638701,-0.0169351
0.139,0.0944275,-0.0159582
0.14,0.0946103,-0.014153
0.141,0.0554298,-0.0129872
0.142,0.0326318,-0.0132178
0.143,0.0180415,-0.0135414
0.144,0.0585845,-0.0138565
0.145,0.0853055,-0.0125447
0.146,0.135782,-0.0110656
0.147,0.173807,-0.00857407
0.148,0.216478,-0.00594223
0.149,0.158557,-0.00289234
0.15,0.132159,-0.00271086
0.151,0.135808,-0.00257103
0.152,0.156365,-0.00182358
0.153,0.202402,-0.000445969
0.154,0.217835,0.00199984
0.155,0.226948,0.00400331
0.156,0.246995,0.00581857
0.157,0.261738,0.00794025
0.158,0.231606,0.0100255
0.159,0.194663,0.0107324
0.16,0.247099,0.0106823
0.161,0.223645,0.0129656
0.162,0.282486,0.0136184
0.163,0.238757,0.016432
0.164,0.217844,0.016767
0.165,0.186002,0.0170522
0.166,0.121592,0.0167369
0.167,0.120362,0.0150266
0.168,0.0684242,0.014582
0.169,0.0966529,0.0127653
0.17,0.0843351,0.0129358
0.171,0.0331797,0.0124339
0.172,0.0438996,0.0105935
0.173,0.0613018,0.0101246
0.174,0.0388671,0.0102205
0.175,0.0242987,0.00937501
0.176,0.0274155,0.00849888
0.177,0.0426824,0.00808399
0.178,-0.0136755,0.00819757
0.179,-0.0403975,0.00630327
0.18,-0.0402623,0.00460555
0.181,-0.0276487,0.0035901
0.182,-0.0111136,0.00315505
0.183,0.00144148,0.00312126
0.184,0.0188329,0.00321936
0.185,0.0268859,0.00362555
0.186,0.0383932,0.00393608
0.187,0.0222032,0.00440328
0.188,-0.000788151,0.00409625
0.189,-0.069633,0.00330284
0.19,-0.0801352,0.000776214
0.191,-0.106592,-0.000730685
0.192,-0.106312,-0.00262964
0.193,-0.117411,-0.0038626
0.194,-0.107063,-0.00526565
0.195,-0.0844753,-0.00601967
0.196,-0.0314086,-0.0061334
0.197,-0.00972507,-0.00493668
0.198,0.0062393,-0.00405896
0.199,-0.0290144,-0.00323444
0.2,-0.0455955,-0.00395742
0.201,-0.0831148,-0.00467307
0.202,-0.052856,-0.00623035
0.203,-0.0759554,-0.00607516
0.204,-0.0111626,-0.00706677
0.205,-0.0848361,-0.00559589
0.206,-0.0715655,-0.00758107
0.207,-0.142777,-0.00793592
0.208,-0.0977449,-0.0106354
0.209,-0.0856937,-0.0105572
0.21,-0.0850726,-0.0106887
0.211,-0.0891099,-0.0110278
0.212,-0.141129,-0.0115252
0.213,-0.15469,-0.0135937
0.214,-0.178127,-0.0151095
0.215,-0.189223,-0.0169423
0.216,-0.240467,-0.018556
0.217,-0.255469,-0.0214279
0.218,-0.243425,-0.0236928
0.219,-0.217067,-0.025054
0.22,-0.224239,-0.0256117
0.221,-0.218162,-0.0267927
0.222,-0.265015,-0.0276523
0.223,-0.331356,-0.0300621
0.224,-0.347717,-0.0336818
0.225,-0.379177,-0.0364221
0.226,-0.394278,-0.0395528
0.227,-0.387581,-0.0423525
0.228,-0.361476,-0.044416
0.229,-0.369118,-0.0455719
0.23,-0.356573,-0.0473305
0.231,-0.350927,-0.048531
0.232,-0.297189,-0.0497208
0.233,-0.290242,-0.0492986
0.234,-0.310364,-0.0496394
0.235,-0.27519,-0.050886
0.236,-0.28218,-0.0507279
0.237,-0.249943,-0.0514202
0.238,-0.343172,-0.0510593
0.239,-0.309582,-0.0542675
0.24,-0.286468,-0.0547985
0.241,-0.234358,-0.0549946
0.242,-0.226745,-0.0539618
0.243,-0.207482,-0.053706
0.244,-0.195256,-0.0531601
0.245,-0.21248,-0.0526972
0.246,-0.235012,-0.0531306
0.247,-0.167349,-0.0540691
0.248,-0.12936,-0.0524676
0.249,-0.143306,-0.050871
0.25,-0.149857,-0.0506086
0.251,-0.120547,-0.0505103
0.252,-0.153587,-0.0494459
0.253,-0.170685,-0.0500121
0.254,-0.134062,-0.0506344
0.255,-0.126915,-0.0497593
0.256,-0.0918865,-0.0492885
0.257,-0.0926439,-0.0479373
0.258,-0.0777361,-0.0473324
0.259,-0.0940249,-0.0463959
0.26,-0.0780163,-0.0463379
0.261,-0.0854745,-0.0455784
0.262,-0.0909939,-0.0453715
0.263,-0.122736,-0.045276
0.264,-0.150654,-0.0461092
0.265,-0.109867,-0.0472468
0.266,-0.160026,-0.0464954
0.267,-0.147065,-0.0479657
0.268,-0.160266,-0.0481595
0.269,-0.180368,-0.0488847
0.27,-0.165619,-0.0499774
0.271,-0.129672,-0.0501725
0.272,-0.135598,-0.0494083
0.273,-0.137252,-0.0494871
0.274,-0.138565,-0.0496037
0.275,-0.137252,-0.049757
0.276,-0.0799123,-0.0498555
0.277,-0.0890132,-0.0481691
0.278,-0.104192,-0.0478404
0.279,-0.126624,-0.048003
0.28,-0.131833,-0.0486602
0.281,-0.139804,-0.0490668
0.282,-0.146229,-0.0495708
0.283,-0.157629,-0.0500904
0.284,-0.177242,-0.0508067
0.285,-0.202751,-0.051888
0.286,-0.21185,-0.0533521
0.287,-0.191663,-0.0545365
0.288,-0.160974,-0.0547813
0.289,-0.149417,-0.0543242
0.29,-0.183695,-0.054064
0.291,-0.2367,-0.0551783
0.292,-0.261837,-0.0574001
0.293,-0.237476,-0.0593639
0.294,-0.187403,-0.0598955
0.295,-0.213691,-0.0591127
0.296,-0.20264,-0.0600537
0.297,-0.224522,-0.0602733
0.298,-0.27499,-0.0613556
0.299,-0.256459,-0.0636433
0.3,-0.294553,-0.064346
0.301,-0.323025,-0.066407
0.302,-0.313901,-0.0686141
0.303,-0.313,-0.0698479
0.304,-0.3445,-0.0710416
0.305,-0.355511,-0.0731645
0.306,-0.370709,-0.0749895
0.307,-0.383649,-0.076944
0.308,-0.376475,-0.0789004
0.309,-0.346027,-0.0802587
0.31,-0.29538,-0.0806588
0.311,-0.280508,-0.0799549
0.312,-0.31469,-0.0797552
0.313,-0.333088,-0.0810662
0.314,-0.334721,-0.0824404
0.315,-0.292828,-0.0834814
0.316,-0.294602,-0.0830929
0.317,-0.334153,-0.0834905
0.318,-0.254682,-0.0852025
0.319,-0.26228,-0.0837053
0.32,-0.253968,-0.0838196
0.321,-0.265072,-0.0837211
0.322,-0.280762,-0.0841961
0.323,-0.337591,-0.0850299
0.324,-0.403467,-0.0873784
0.325,-0.384055,-0.090721
0.326,-0.308064,-0.0920413
0.327,-0.299862,-0.0910198
0.328,-0.351624,-0.0910394
0.329,-0.34486,-0.0929992
0.33,-0.345567,-0.0938694
0.331,-0.404616,-0.0947701
0.332,-0.399734,-0.0974863
0.333,-0.445564,-0.0989236
0.334,-0.47167,-0.101697
0.335,-0.479321,-0.10435
0.336,-0.510111,-0.106552
0.337,-0.478481,-0.109383
0.338,-0.497034,-0.110491
0.339,-0.515079,-0.112572
0.34,-0.524883,-0.114846
0.341,-0.492417,-0.116994
0.342,-0.505118,-0.117805
0.343,-0.536232,-0.119502
0.344,-0.518721,-0.121963
0.345,-0.542851,-0.123241
0.346,-0.548524,-0.125469
0.347,-0.537154,-0.127398
0.348,-0.53411,-0.128753
0.349,-0.465972,-0.130132
0.35,-0.44727,-0.129384
0.351,-0.497914,-0.129282
0.352,-0.461476,-0.131309
0.353,-0.465258,-0.131383
0.354,-0.484781,-0.132171
0.355,-0.447533,-0.133582
0.356,-0.455471,-0.133476
0.357,-0.450667,-0.134265
0.358,-0.387211,-0.134846
0.359,-0.350012,-0.133527
0.36,-0.367257,-0.132234
0.361,-0.376909,-0.132384
0.362,-0.365277,-0.132743
0.363,-0.422385,-0.13263
0.364,-0.404675,-0.134569
0.365,-0.448053,-0.134955
0.366,-0.429426,-0.136911
0.367,-0.391343,-0.137472
0.368,-0.379716,-0.137037
0.369,-0.387604,-0.136927
0.37,-0.440365,-0.137383
0.371,-0.47035,-0.139444
0.372,-0.505458,-0.141498
0.373,-0.540665,-0.143964
0.374,-0.553605,-0.146732
0.375,-0.556394,-0.14906
0.376,-0.562239,-0.151015
0.377,-0.53715,-0.152928
0.378,-0.513231,-0.153817
0.379,-0.48168,-0.154308
0.38,-0.393861,-0.154243
0.381,-0.394667,-0.152035
0.382,-0.383762,-0.151589
0.383,-0.367332,-0.1511
0.384,-0.384925,-0.150454
0.385,-0.352766,-0.150804
0.386,-0.362243,-0.149948
0.387,-0.357439,-0.150021
0.388,-0.339562,-0.1499
0.389,-0.338704,-0.149354
0.39,-0.336657,-0.149169
0.391,-0.314202,-0.149031
0.392,-0.357766,-0.148285
0.393,-0.368313,-0.149384
0.394,-0.359781,-0.150118
0.395,-0.391872,-0.150321
0.396,-0.406899,-0.151644
0.397,-0.427578,-0.15285
0.398,-0.379784,-0.154337
0.399,-0.370277,-0.153836
0.4,-0.341345,-0.153805
0.401,-0.275876,-0.153113
0.402,-0.271925,-0.150947
0.403,-0.259952,-0.149986
0.404,-0.240369,-0.148984
0.405,-0.221707,-0.147741
0.406,-0.24036,-0.146409
0.407,-0.324065,-0.146165
0.408,-0.335859,-0.148378
0.409,-0.354479,-0.149459
0.41,-0.361966,-0.150703
0.411,-0.334681,-0.151712
0.412,-0.377012,-0.151595
0.413,-0.362851,-0.153229
0.414,-0.403716,-0.153658
0.415,-0.363739,-0.155516
0.416,-0.382154,-0.155329
0.417,-0.345058,-0.156318
0.418,-0.371012,-0.155833
0.419,-0.435119,-0.156806
0.42,-0.411547,-0.15941
0.421,-0.35437,-0.160038
0.422,-0.312836,-0.159079
0.423,-0.345566,-0.157822
0.424,-0.362573,-0.158506
0.425,-0.324727,-0.159309
0.426,-0.315442,-0.158598
0.427,-0.304053,-0.158253
0.428,-0.314682,-0.157818
0.429,-0.343284,-0.15801
0.43,-0.343954,-0.158992
0.431,-0.357698,-0.159484
0.432,-0.353548,-0.16033
0.433,-0.410199,-0.16076
0.434,-0.415956,-0.163
0.435,-0.417332,-0.164354
0.436,-0.44907,-0.165459
0.437,-0.431534,-0.167427
0.438,-0.460723,-0.168174
0.439,-0.509046,-0.170018
0.44,-0.50686,-0.172813
0.441,-0.508122,-0.174517
0.442,-0.522632,-0.176078
0.443,-0.571955,-0.177949
0.444,-0.567335,-0.181018
0.445,-0.526734,-0.182913
0.446,-0.481443,-0.183381
0.447,-0.492459,-0.183044
0.448,-0.510174,-0.183926
0.449,-0.474624,-0.185295
0.45,-0.435944,-0.18523
0.451,-0.478021,-0.184555
0.452,-0.447241,-0.186007
0.453,-0.438972,-0.18586
0.454,-0.428607,-0.185971
0.455,-0.458041,-0.185983
0.456,-0.48698,-0.187181
0.457,-0.456388,-0.188817
0.458,-0.423952,-0.1889
0.459,-0.413933,-0.188416
0.46,-0.432618,-0.188253
0.461,-0.439599,-0.188977
0.462,-0.462457,-0.189663
0.463,-0.464929,-0.190937
0.464,-0.496388,-0.191847
0.465,-0.51062,-0.193632
0.466,-0.47318,-0.195238
0.467,-0.449611,-0.195273
0.468,-0.404502,-0.195143
0.469,-0.435038,-0.194069
0.47,-0.471257,-0.194879
0.471,-0.495543,-0.196444
0.472,-0.501287,-0.198105
0.473,-0.479022,-0.199397
0.474,-0.497655,-0.199758
0.475,-0.510017,-0.201035
0.476,-0.547122,-0.202374
0.477,-0.494841,-0.204597
0.478,-0.487992,-0.204406
0.479,-0.491439,-0.204808
0.48,-0.532368,-0.205514
0.481,-0.555589,-0.20749
0.482,-0.57152,-0.209448
0.483,-0.572283,-0.211355
0.484,-0.532929,-0.212855
0.485,-0.511783,-0.212967
0.486,-0.522769,-0.213055
0.487,-0.48596,-0.213942
0.488,-0.497988,-0.213541
0.489,-0.534812,-0.214204
0.49,-0.550707,-0.215922
0.491,-0.592895,-0.21748
0.492,-0.592878,-0.21998
0.493,-0.599739,-0.221601
0.494,-0.624435,-0.223256
0.495,-0.647109,-0.22546
0.496,-0.62543,-0.227832
0.497,-0.641025,-0.228959
0.498,-0.574638,-0.230824
0.499,-0.621911,-0.230266
0.5,-0.643895,-0.232346
0.501,-0.63209,-0.234388
0.502,-0.61657,-0.235562
0.503,-0.60615,-0.23635
0.504,-0.601478,-0.237063
0.505,-0.608962,-0.237837
0.506,-0.591974,-0.238964
0.507,-0.611594,-0.239437
0.508,-0.621329,-0.24083
0.509,-0.644489,-0.242209
0.51,-0.59917,-0.244097
0.511,-0.611694,-0.244069
0.512,-0.597441,-0.245175
0.513,-0.576417,-0.245677
0.514,-0.554628,-0.245768
0.515,-0.544086,-0.245597
0.516,-0.612779,-0.245576
0.517,-0.608913,-0.24803
0.518,-0.557691,-0.24918
0.519,-0.669366,-0.248626
0.52,-0.67408,-0.252494
0.521,-0.656654,-0.254561
0.522,-0.652575,-0.255705
0.523,-0.639388,-0.256886
0.524,-0.612006,-0.257679
0.525,-0.660121,-0.257821
0.526,-0.681524,-0.260004
0.527,-0.725255,-0.26205
0.528,-0.704795,-0.26497
0.529,-0.668773,-0.266309
0.53,-0.72257,-0.266682
0.531,-0.698644,-0.269365
0.532,-0.69425,-0.270353
0.533,-0.695974,-0.271495
0.534,-0.657473,-0.272761
0.535,-0.631414,-0.27277
0.536,-0.609387,-0.272648
0.537,-0.6529,-0.27241
0.538,-0.671393,-0.274078
0.539,-0.674744,-0.275656
0.54,-0.690181,-0.276938
0.541,-0.725437,-0.278569
0.542,-0.798488,-0.280978
0.543,-0.825337,-0.284966
0.544,-0.745489,-0.288296
0.545,-0.705246,-0.288293
0.546,-0.700495,-0.288238
0.547,-0.670379,-0.28886
0.548,-0.660601,-0.28875
0.549,-0.639561,-0.288958
0.55,-0.670768,-0.288807
0.551,-0.655467,-0.290127
0.552,-0.670077,-0.290504
0.553,-0.631855,-0.291599
0.554,-0.639181,-0.291257
0.555,-0.673762,-0.291836
0.556,-0.67212,-0.293482
0.557,-0.677077,-0.294472
0.558,-0.664944,-0.295568
0.559,-0.615214,-0.296158
0.56,-0.64177,-0.295367
0.561,-0.665743,-0.296354
0.562,-0.625558,-0.297764
0.563,-0.607792,-0.297458
0.564,-0.629911,-0.29727
0.565,-0.647606,-0.298203
0.566,-0.621363,-0.299386
0.567,-0.62018,-0.299401
0.568,-0.633315,-0.299813
0.569,-0.603684,-0.30072
0.57,-0.576452,-0.300479
0.571,-0.549928,-0.299906
0.572,-0.505747,-0.299083
0.573,-0.486585,-0.297481
0.574,-0.5238,-0.296245
0.575,-0.582577,-0.296765
0.576,-0.546666,-0.298646
0.577,-0.583506,-0.298309
0.578,-0.586437,-0.299653
0.579,-0.634434,-0.300453
0.58,-0.599635,-0.302629
0.581,-0.574106,-0.302767
0.582,-0.525729,-0.302569
0.583,-0.532343,-0.301329
0.584,-0.538296,-0.301269
0.585,-0.542435,-0.301456
0.586,-0.504023,-0.30174
0.587,-0.432829,-0.300766
0.588,-0.50697,-0.298267
0.589,-0.539333,-0.299566
0.59,-0.574191,-0.300807
0.591,-0.566315,-0.302489
0.592,-0.621321,-0.303171
0.593,-0.570597,-0.305589
0.594,-0.574662,-0.305331
0.595,-0.602768,-0.305939
0.596,-0.610391,-0.307405
0.597,-0.654072,-0.308588
0.598,-0.679892,-0.310918
0.599,-0.707247,-0.313182
0.6,-0.757881,-0.315654
0.601,-0.777209,-0.319039
0.602,-0.7647,-0.321904
0.603,-0.760768,-0.323741
0.604,-0.793208,-0.325461
0.605,-0.794474,-0.32817
0.606,-0.803523,-0.33024
0.607,-0.767759,-0.332409
0.608,-0.754902,-0.333167
0.609,-0.81276,-0.334071
0.61,-0.822416,-0.33707
0.611,-0.804824,-0.339334
0.612,-0.819844,-0.340689
0.613,-0.800978,-0.342717
0.614,-0.809772,-0.343838
0.615,-0.782742,-0.345504
0.616,-0.772816,-0.346152
0.617,-0.734179,-0.346943
0.618,-0.761104,-0.346744
0.619,-0.76082,-0.348156
0.62,-0.795797,-0.349194
0.621,-0.788657,-0.351328
0.622,-0.757322,-0.352586
0.623,-0.715519,-0.352876
0.624,-0.693254,-0.352389
0.625,-0.689801,-0.352039
0.626,-0.729171,-0.352147
0.627,-0.737586,-0.353711
0.628,-0.756141,-0.354905
0.629,-0.787267,-0.356471
0.63,-0.79684,-0.358631
0.631,-0.753209,-0.360439
0.632,-0.75899,-0.360553
0.633,-0.753699,-0.361553
0.634,-0.74562,-0.362344
0.635,-0.785796,-0.362983
0.636,-0.786561,-0.365055
0.637,-0.785312,-0.366437
0.638,-0.806605,-0.367656
0.639,-0.819516,-0.369512
0.64,-0.82907,-0.371348
0.641,-0.845099,-0.373155
0.642,-0.89708,-0.375197
0.643,-0.905039,-0.378499
0.644,-0.90441,-0.380981
0.645,-0.928982,-0.383069
0.646,-0.926076,-0.385788
0.647,-0.910773,-0.387856
0.648,-0.910546,-0.389341
0.649,-0.880327,-0.391011
0.65,-0.86827,-0.391705
0.651,-0.918858,-0.392544
0.652,-0.866953,-0.395266
0.653,-0.83857,-0.395462
0.654,-0.808628,-0.395589
0.655,-0.807748,-0.395382
0.656,-0.828305,-0.395819
0.657,-0.857519,-0.397073
0.658,-0.873698,-0.398953
0.659,-0.936275,-0.400793
0.66,-0.894352,-0.404226
0.661,-0.886553,-0.405084
0.662,-0.922745,-0.40623
0.663,-0.94663,-0.408659
0.664,-0.920589,-0.411174
0.665,-0.90524,-0.412302
0.666,-0.89463,-0.413283
0.667,-0.893502,-0.414205
0.668,-0.863249,-0.415313
0.669,-0.912816,-0.415519
0.67,-0.918908,-0.417867
0.671,-0.935446,-0.419585
0.672,-0.931863,-0.421609
0.673,-0.935152,-0.423144
0.674,-0.921102,-0.424755
0.675,-0.873341,-0.425815
0.676,-0.813847,-0.42558
0.677,-0.838726,-0.424357
0.678,-0.841729,-0.425163
0.679,-0.823596,-0.425852
0.68,-0.79936,-0.425967
0.681,-0.790404,-0.425687
0.682,-0.810937,-0.425657
0.683,-0.804311,-0.426567
0.684,-0.74225,-0.426987
0.685,-0.775031,-0.425571
0.686,-0.746217,-0.426375
0.687,-0.714246,-0.425876
0.688,-0.740363,-0.424918
0.689,-0.741169,-0.425493
0.69,-0.737118,-0.425778
0.691,-0.753283,-0.425942
0.692,-0.675112,-0.42672
0.693,-0.703092,-0.424766
0.694,-0.703537,-0.425126
0.695,-0.735156,-0.42522
0.696,-0.71234,-0.42635
0.697,-0.744627,-0.426212
0.698,-0.733192,-0.427456
0.699,-0.764816,-0.42779
0.7,-0.762551,-0.429266
0.701,-0.787525,-0.430092
0.702,-0.788708,-0.431656
0.703,-0.783928,-0.432756
0.704,-0.805445,-0.433584
0.705,-0.810183,-0.435121
0.706,-0.823767,-0.436387
0.707,-0.858464,-0.437909
0.708,-0.871898,-0.440213
0.709,-0.804876,-0.442217
0.71,-0.827808,-0.441694
0.711,-0.824347,-0.443006
0.712,-0.81318,-0.443903
0.713,-0.803291,-0.444485
0.714,-0.784849,-0.444957
0.715,-0.800821,-0.445054
0.716,-0.748971,-0.446037
0.717,-0.767337,-0.44516
0.718,-0.788554,-0.445814
0.719,-0.849339,-0.446957
0.72,-0.802906,-0.449654
0.721,-0.822733,-0.449717
0.722,-0.831034,-0.451066
0.723,-0.811374,-0.45235
0.724,-0.831189,-0.452806
0.725,-0.883407,-0.454197
0.726,-0.877295,-0.456899
0.727,-0.840335,-0.458386
0.728,-0.813569,-0.458628
0.729,-0.800147,-0.458623
0.73,-0.795134,-0.458743
0.731,-0.789269,-0.459049
0.732,-0.804,-0.459347
0.733,-0.789335,-0.460281
0.734,-0.748341,-0.460533
0.735,-0.809506,-0.459748
0.736,-0.840278,-0.461702
0.737,-0.857707,-0.463645
0.738,-0.891629,-0.465465
0.739,-0.892272,-0.467899
0.74,-0.899415,-0.4696
0.741,-0.88242,-0.471338
0.742,-0.932128,-0.472303
0.743,-0.96521,-0.47506
0.744,-0.957279,-0.477931
0.745,-0.940325,-0.479764
0.746,-0.938833,-0.481008
0.747,-0.965531,-0.48242
0.748,-0.971703,-0.484681
0.749,-0.955874,-0.486615
0.75,-0.971231,-0.487824
0.751,-0.973413,-0.489724
0.752,-0.98771,-0.491396
0.753,-0.948435,-0.49341
0.754,-0.952856,-0.493862
0.755,-0.923635,-0.495098
0.756,-0.909242,-0.49539
0.757,-0.894046,-0.495774
0.758,-0.911252,-0.496031
0.759,-0.902728,-0.497196
0.76,-0.881278,-0.497862
0.761,-0.859946,-0.498007
0.762,-0.832264,-0.497904
0.763,-0.817627,-0.497405
0.764,-0.813067,-0.497066
0.765,-0.749247,-0.497002
0.766,-0.736185,-0.495134
0.767,-0.675318,-0.494131
0.768,-0.664506,-0.491704
0.769,-0.679435,-0.490251
0.77,-0.690742,-0.489779
0.771,-0.672399,-0.489605
0.772,-0.657745,-0.488744
0.773,-0.667845,-0.48781
0.774,-0.677558,-0.487576
0.775,-0.677965,-0.487585
0.776,-0.666496,-0.48748
0.777,-0.641719,-0.487024
0.778,-0.636321,-0.486025
0.779,-0.697787,-0.485376
0.78,-0.674801,-0.486891
0.781,-0.700697,-0.486632
0.782,-0.733333,-0.487495
0.783,-0.719272,-0.488933
0.784,-0.696098,-0.489259
0.785,-0.687196,-0.488986
0.786,-0.617076,-0.488841
0.787,-0.599726,-0.486697
0.788,-0.598945,-0.485356
0.789,-0.641764,-0.484556
0.79,-0.678908,-0.485309
0.791,-0.67318,-0.486561
0.792,-0.599374,-0.486895
0.793,-0.602068,-0.484884
0.794,-0.604645,-0.484292
0.795,-0.618531,-0.483938
0.796,-0.624053,-0.484076
0.797,-0.615344,-0.48419
0.798,-0.609525,-0.483929
0.799,-0.613737,-0.483643
0.8,-0.611626,-0.483632
0.801,-0.672591,-0.483518
0.802,-0.701792,-0.485388
0.803,-0.774254,-0.487075
0.804,-0.758312,-0.490345
0.805,-0.754353,-0.491601
0.806,-0.730991,-0.492712
0.807,-0.743821,-0.493033
0.808,-0.745231,-0.494114
0.809,-0.718838,-0.495014
0.81,-0.737863,-0.495003
0.811,-0.757703,-0.496043
0.812,-0.698674,-0.497409
0.813,-0.721377,-0.496501
0.814,-0.703196,-0.49732
0.815,-0.730288,-0.497276
0.816,-0.73122,-0.498415
0.817,-0.756713,-0.499135
0.818,-0.760136,-0.500588
0.819,-0.765026,-0.501649
0.82,-0.786592,-0.502706
0.821,-0.744537,-0.504292
0.822,-0.793259,-0.504093
0.823,-0.759878,-0.506112
0.824,-0.770693,-0.506239
0.825,-0.785056,-0.5072
0.826,-0.812723,-0.50845
0.827,-0.757798,-0.510283
0.828,-0.768002,-0.509806
0.829,-0.757566,-0.510547
0.83,-0.707347,-0.510867
0.831,-0.685551,-0.509799
0.832,-0.712114,-0.509006
0.833,-0.724713,-0.509627
0.834,-0.752868,-0.510307
0.835,-0.73603,-0.511654
0.836,-0.761733,-0.511927
0.837,-0.767529,-0.513237
0.838,-0.804794,-0.514262
0.839,-0.81557,-0.516282
0.84,-0.775344,-0.517894
0.841,-0.759493,-0.517886
0.842,-0.769464,-0.518007
0.843,-0.782746,-0.518787
0.844,-0.749173,-0.519862
0.845,-0.741226,-0.519625
0.846,-0.736541,-0.519716
0.847,-0.748796,-0.519884
0.848,-0.741006,-0.520588
0.849,-0.752642,-0.520866
0.85,-0.724972,-0.521648
0.851,-0.683347,-0.521364
0.852,-0.682061,-0.520255
0.853,-0.687704,-0.519952
0.854,-0.664881,-0.520018
0.855,-0.667795,-0.519352
0.856,-0.640834,-0.519246
0.857,-0.623725,-0.518339
0.858,-0.62861,-0.517446
0.859,-0.6434,-0.517149
0.86,-0.633403,-0.517356
0.861,-0.610921,-0.517039
0.862,-0.587971,-0.516202
0.863,-0.594692,-0.515104
0.864,-0.556376,-0.514747
0.865,-0.580952,-0.513187
0.866,-0.583036,-0.513176
0.867,-0.56046,-0.512942
0.868,-0.577918,-0.51198
0.869,-0.578404,-0.512016
0.87,-0.596058,-0.51184
0.871,-0.58508,-0.512222
0.872,-0.607928,-0.511947
0.873,-0.612314,-0.512563
0.874,-0.629696,-0.512918
0.875,-0.637715,-0.51369
0.876,-0.617835,-0.514358
0.877,-0.638973,-0.514179
0.878,-0.641933,-0.514977
0.879,-0.630948,-0.515503
0.88,-0.599123,-0.515571
0.881,-0.549461,-0.5148
0.882,-0.521976,-0.513059
0.883,-0.505941,-0.511468
0.884,-0.545893,-0.510081
0.885,-0.536276,-0.510448
0.886,-0.532171,-0.509937
0.887,-0.534462,-0.509459
0.888,-0.498343,-0.509172
0.889,-0.500982,-0.507748
0.89,-0.433491,-0.507105
0.891,-0.427852,-0.504415
0.892,-0.434883,-0.502869
0.893,-0.46412,-0.501908
0.894,-0.432815,-0.501906
0.895,-0.443217,-0.500462
0.896,-0.45177,-0.49991
0.897,-0.479858,-0.499544
0.898,-0.470705,-0.499946
0.899,-0.454388,-0.499548
0.9,-0.414508,-0.498737
0.901,-0.422874,-0.496972
0.902,-0.424147,-0.496267
0.903,-0.404987,-0.495603
0.904,-0.448306,-0.494374
0.905,-0.391848,-0.494914
0.906,-0.408722,-0.492962
0.907,-0.420564,-0.492519
0.908,-0.440294,-0.492289
0.909,-0.419994,-0.492495
0.91,-0.473744,-0.491689
0.911,-0.496132,-0.492908
0.912,-0.50442,-0.493883
0.913,-0.491774,-0.494567
0.914,-0.5294,-0.494564
0.915,-0.504366,-0.495889
0.916,-0.534056,-0.495704
0.917,-0.556934,-0.496787
0.918,-0.584105,-0.498046
0.919,-0.617926,-0.499639
0.92,-0.606798,-0.501672
0.921,-0.622017,-0.502568
0.922,-0.582827,-0.503953
0.923,-0.560439,-0.503732
0.924,-0.52788,-0.503416
0.925,-0.48268,-0.502529
0.926,-0.482508,-0.500888
0.927,-0.447859,-0.500208
0.928,-0.445936,-0.498638
0.929,-0.420543,-0.497759
0.93,-0.415158,-0.49629
0.931,-0.449734,-0.495232
0.932,-0.480078,-0.495521
0.933,-0.458946,-0.496241
0.934,-0.428404,-0.495703
0.935,-0.41236,-0.494503
0.936,-0.416409,-0.493391
0.937,-0.409866,-0.492813
0.938,-0.450885,-0.492065
0.939,-0.469155,-0.49279
0.94,-0.4252,-0.493396
0.941,-0.362155,-0.492194
0.942,-0.357742,-0.489726
0.943,-0.306201,-0.488379
0.944,-0.288583,-0.485722
0.945,-0.265164,-0.483606
0.946,-0.263217,-0.481326
0.947,-0.213402,-0.479621
0.948,-0.163656,-0.476582
0.949,-0.131346,-0.473033
0.95,-0.0919685,-0.469639
0.951,-0.147535,-0.46591
0.952,-0.115796,-0.464962
0.953,-0.129148,-0.462294
0.954,-0.115769,-0.460673
0.955,-0.135932,-0.458545
0.956,-0.150068,-0.457379
0.957,-0.151612,-0.456399
0.958,-0.206852,-0.455231
0.959,-0.224824,-0.455779
0.96,-0.225769,-0.455886
0.961,-0.189678,-0.455546
0.962,-0.154825,-0.453932
0.963,-0.165962,-0.451825
0.964,-0.145939,-0.450792
0.965,-0.165443,-0.449065
0.966,-0.17449,-0.448374
0.967,-0.142317,-0.447708
0.968,-0.121807,-0.445862
0.969,-0.0464524,-0.443953
0.97,-0.062679,-0.440146
0.971,-0.0826821,-0.438371
0.972,-0.066666,-0.437235
0.973,-0.087908,-0.435348
0.974,-0.0994056,-0.434465
0.975,-0.15331,-0.433645
0.976,-0.142342,-0.43432
0.977,-0.0806895,-0.433635
0.978,-0.108021,-0.431046
0.979,-0.133796,-0.430427
0.98,-0.129663,-0.430283
0.981,-0.182348,-0.429535
0.982,-0.189258,-0.430465
0.983,-0.194562,-0.430627
0.984,-0.199217,-0.430665
0.985,-0.233508,-0.430649
0.986,-0.192091,-0.431555
0.987,-0.23369,-0.430455
0.988,-0.247922,-0.431293
0.989,-0.2641,-0.431856
0.99,-0.313237,-0.43255
0.991,-0.300597,-0.434392
0.992,-0.228964,-0.43481
0.993,-0.237123,-0.432977
0.994,-0.26592,-0.43264
0.995,-0.262605,-0.433214
0.996,-0.225758,-0.433187
0.997,-0.181017,-0.431986
0.998,-0.20147,-0.430027
0.999,-0.176168,-0.429637
